symbol,p53_mock_1,p53_mock_2,p53_mock_3,p53_mock_4,p53_IR_1,p53_IR_2,p53_IR_3,p53_IR_4,null_mock_1,null_mock_2,null_IR_1,null_IR_2
Phlda3,4.236306445,4.28460269,4.365203817,4.113050921,12.17775465,12.02947172,12.95476854,13.0988683,3.734077316,3.066565004,2,2.492449186
Cdkn1a,4.733035648,5.029232582,4.726342076,4.725242139,12.12459084,12.04504672,12.76713924,12.94078263,4.286224035,3.943188334,4.473915289,4.398275685
Tnfsf4,3.294241044,4.101466604,3.677283755,3.028138521,11.01105327,10.98111514,11.95127854,11.77824042,2.661445587,2.907315663,5.070849249,4.698712009
Gm10721,5.180996014,6.466237515,7.324812078,7.932552798,15.12454318,16.69280206,6.303806353,12.41993432,8.398696197,8.290341641,5.846168796,10.01415507
Gm10719,5.895229711,7.889427325,8.724968893,9.209160033,16.01712007,17.47044273,7.656288769,13.9173266,9.871894975,9.486986429,6.426246268,10.99131972
Tex15,4.023732797,4.101466604,4.295136453,3.413066444,10.89698018,11.08144985,12.15611002,11.85563326,3.89314645,3.340400992,7.715180346,6.75687351
Plb1,2.976964514,3.553925444,3.562670827,3.716622471,10.03797015,10.20458249,10.98075073,10.74658536,3.45680615,3.209970323,3.277146836,3.694911979
1700007K13Rik,2,2.255337515,2,2,8.52123376,8.362814866,9.510701094,9.677751238,2,2,2,2
Grhl3,2.718566724,2.255337515,2.793064158,2.87303589,9.252960263,9.382909832,9.302146413,9.496323641,2,2.728281369,2,2.267134935
Plk2,6.540483092,6.720473232,7.205736084,7.175182111,13.09460792,13.35357132,13.77993282,13.77097464,6.882724557,7.20545716,7.064274867,5.677858121
Zfp365,4.866725546,5.919711111,5.826753254,6.034126716,11.59383212,11.56197151,12.25722726,12.33394047,5.281698252,6.009282756,5.070849249,5.372550493
Psrc1,7.021052716,6.954676405,6.898282383,7.158485081,12.84034863,12.78855139,13.68319106,13.74752244,6.920160948,6.745710587,6.605666687,6.559438515
Bbc3,6.618382231,6.563948195,6.459793691,6.40355328,12.26916712,12.24596907,12.46392282,12.68530581,5.903038272,5.86503433,5.727146202,6.315975428
Gtse1,7.118102215,6.491292569,6.611645994,6.472720394,12.43031306,12.31021866,13.00971246,13.16477175,6.264953384,6.543903472,7.064274867,6.442836614
Dact3,3.554166053,3.349885883,3.43816071,3.168173086,9.391909304,9.109308704,10.0930242,10.01078918,3.647442438,4.023054398,3.832876068,4.398275685
Matn1,2.718566724,2.472206906,3.43816071,3.413066444,8.144273956,8.346147265,9.261053214,9.003900736,2.255668576,2.523839188,2.890761998,3.782822403
Ckmt1,2.2158483,2,2,2,7.445469658,7.22480379,7.986127145,8.29795067,2,2,2,2.267134935
Prrg4,7.544498034,7.703608713,7.459039581,7.369060817,12.65270634,12.51142402,13.16771594,13.18503537,6.99223971,7.108101367,7.468491961,7.338517893
Cox6b2,4.133931288,3.891656122,4.495888242,4.423697269,9.095656618,9.05393282,10.05284189,10.12542493,3.45680615,4.694256915,3.581606147,4.505524682
Inka2,7.380917267,7.637812166,7.401845233,8.264453023,12.82283219,12.85153951,13.24472864,13.41184164,7.479780266,7.855763357,7.301477298,7.707655235
Ddias,7.264599944,6.666500072,7.065455302,6.525761504,12.043962,12.10385996,12.64805763,12.65600086,6.668459559,6.530301836,7.523107327,7.360113799
Slc19a2,7.124790774,6.861666014,7.451006476,7.25588605,12.36176244,12.37942806,13.12585133,13.09782084,7.00971045,7.288599777,8.18485622,7.718842614
Robo3,2.403565732,2.255337515,2.793064158,2.501573121,7.230426236,7.444287022,8.661480928,8.648613718,2.661445587,3.673050397,2.890761998,2.492449186
Scn4b,3.294241044,4.28460269,3.882350692,4.366690008,8.377388539,8.018162183,9.444477042,9.747805004,4.448754151,4.788681433,3.096851215,3.782822403
Cep170b,7.908512652,8.286488482,8.091040114,8.212824907,12.83506304,12.81831355,13.27461689,13.40440518,7.872459423,8.150645001,8.433218513,8.046425232
Gm9949,5.87949615,5.308344543,5.291752243,5.372188845,9.866199815,9.54869078,10.20892628,10.48208329,5.310178521,5.752387168,4.04680616,4.556300361
Hmcn2,5.7981468,5.938051116,5.990888225,6.650412752,10.37600813,10.41299976,11.09488436,11.16185247,5.659163444,5.886545484,5.416897213,5.583090722
Kank3,7.157776195,7.016390345,6.989844387,7.376299261,11.84166249,11.85931145,12.83279113,12.93234598,7.278294573,7.771557921,8.728751643,8.980756457
Cd80,7.574123578,7.81199144,7.625315813,7.317348563,12.00259967,12.08011769,12.57255494,12.46807102,7.189099737,7.013507041,7.301477298,7.483311108
Dcxr,8.002301122,7.865672066,8.205286472,8.163470545,12.24346393,12.0437552,12.98759782,13.25755425,7.942358109,8.168316184,6.824409731,7.528516866
Sesn2,8.248777148,8.359743683,8.367713273,8.314297235,12.6941661,12.65155342,13.1096944,13.24151919,7.991547042,7.828237375,8.201696408,7.762744275
Hic1,4.989070688,4.497423029,4.829089744,5.048888004,9.256127661,9.245862039,9.927131389,10.06667796,4.727436452,4.239122495,5.527893648,5.223428512
Rhod,2.2158483,2.660695792,2.573859718,2.87303589,7.022950058,6.828581186,7.586354452,7.707552052,2.828270502,2.907315663,2.361452162,2.267134935
Epha2,7.7531447,7.724890542,7.498547558,8.112367789,12.20095105,12.30267969,12.87215963,12.80412336,8.017686884,7.991000345,7.842331292,8.050858622
Fam131a,4.989070688,4.546060717,5.09959111,4.366690008,8.749644359,8.902565747,9.93519191,9.587501477,5.06484454,5.039718917,4.233071757,4.60534958
Enc1,7.30638615,7.502643255,7.574458774,7.732742332,11.83214315,11.86517275,12.31280679,12.38704142,7.415694829,7.328440677,7.776413997,7.416170685
Ier5l,3.774333367,4.034863393,3.43816071,3.805102068,8.137419728,8.148843346,9.009473696,9.107452953,3.966553518,4.484563717,4.680245472,4.60534958
Snai3,3.904415611,4.034863393,3.882350692,3.967277552,8.052523704,8.294956973,9.286479548,9.368742624,4.640389562,3.943188334,5.021117212,4.869058619
Celf5,5.350360959,6.043449174,5.64151852,5.939564935,9.99121534,9.733064814,10.4739171,10.86361303,6.174903497,5.524393492,5.956115975,5.400610616
Akap1,6.126100113,5.700897658,6.216145839,5.729532737,10.32111137,10.33911665,10.90889712,10.76147903,6.078856488,5.752387168,9.219687079,9.118066475
Dglucy,9.083175369,9.137401018,9.095957559,9.127867041,12.37566282,12.45132521,12.72591603,12.98632239,8.552634947,8.345750188,6.687648648,7.209631035
Plekha7,7.170762053,7.318917139,7.224707434,7.596822981,11.22336894,11.36508195,11.69715247,11.90581239,7.535119823,7.441758913,6.445226313,6.495826317
Plod2,4.585680003,4.847130731,5.179552205,4.423697269,8.699336548,8.832494325,9.835359556,9.29168791,4.996388748,3.943188334,5.165448125,5.428135372
Thyn1,7.493728762,7.346640151,7.376621791,7.063028487,11.50542945,11.47169312,12.13963643,12.18486591,6.882724557,7.188237792,9.533040012,9.066452902
Rac3,4.834446472,5.159986439,5.179552205,5.342930487,9.278106848,9.485407088,9.707072173,9.794066645,5.392393755,5.114547692,5.757835005,4.908678125
Dennd2c,7.312258021,7.318917139,7.147277637,7.681070623,11.32791354,11.51147804,12.00826455,11.93800891,7.594216768,7.374841406,7.215648945,7.286833573
Ankrd13b,4.661238356,4.340822592,4.365203817,4.855261593,9.10973239,9.236848423,9.332978799,9.250052322,5.418789636,4.539912876,6.881265208,6.881575578
Cdc42bpg,8.233386492,8.422962063,8.315576781,8.844451842,12.32415215,12.46682719,12.68288192,12.73869799,8.313336563,8.486226732,7.61816255,7.841623833
Ikbke,10.11695024,10.51632173,10.07377221,9.553687133,13.90471069,13.97726255,14.15192279,14.33149873,9.995418565,9.313220723,9.702345813,9.963322872
Pkd1l2,2.56964645,2.660695792,2.573859718,3.88846741,6.689757624,6.72924371,7.469113118,7.118809728,2.977788722,3.066565004,2.361452162,2.858905856
Abcb1b,8.654448742,8.676106877,8.721633907,8.268348931,12.52591807,12.6254589,13.10210705,13.13342359,8.237512733,8.087033529,9.936659521,9.845778173
Cfap126,5.747040227,5.468319721,5.583911538,5.751966459,9.168068076,8.873781771,9.76926363,9.822751802,5.031022634,4.960795631,5.070849249,4.869058619
Ogdhl,2.718566724,2.660695792,2.793064158,2.69922708,6.280847002,6.965832419,7.146999803,7.635465835,3.237087773,2.285565721,3.943802815,4.089040188
Asap3,4.331895821,4.847130731,4.495888242,4.366690008,8.377388539,8.489646295,9.013285982,8.896198302,4.448754151,4.304507053,5.070849249,5.091932727
Ccng1,11.71349787,11.57640061,11.76534687,11.35027239,15.36080277,15.23286702,15.85129466,15.84268229,11.29515031,11.32029916,11.68671216,11.2761095
Pidd1,7.845121469,7.836639599,7.506320963,8.103671866,11.68596389,11.72636097,12.28745076,12.35232737,7.843523302,7.777327128,8.889822705,8.787087365
Mef2b,6.885839309,6.17297675,6.325639697,5.536275497,9.785198044,9.814081142,10.64339118,10.58971939,5.702780658,5.728762447,7.667486821,7.416170685
Lpin1,9.318705779,9.491053116,9.490178498,9.433921713,12.56762593,12.59888368,13.00612986,13.19310103,9.262945697,9.201803122,7.592853274,8.331552779
Macroh2a3,5.657621205,5.612313251,5.36198022,5.751966459,9.567906413,9.595277807,10.07672102,10.05290743,5.958069321,5.604462155,6.908874205,6.789074017
Dzip1,6.877942604,7.033548647,6.681970693,6.105552561,9.987408668,10.39285332,10.04355133,10.31330443,6.722435666,5.680319746,5.377915981,6.224746864
Ak1,3.554166053,3.11215946,2.983313619,2.87303589,6.632411446,6.852382436,7.389217648,7.383735283,3.237087773,2.285565721,3.832876068,3.944040584
Polk,9.22376693,9.366251088,9.249738368,9.27840903,12.98719896,13.10165356,13.44324131,13.38082992,9.22605355,9.188875053,9.565929009,9.241498059
Ppp1r36,2.56964645,2.472206906,2.573859718,3.168173086,6.25574855,6.093464377,7.146999803,6.950768861,2.828270502,3.066565004,2.361452162,3.150880318
Gm8482,3.38618521,3.732651019,3.974897492,3.805102068,7.123494071,7.278497903,6.575393183,6.920755723,3.237087773,2.523839188,2,3.393594456
Gm7451,4.801428619,5.279868376,4.726342076,4.582333828,8.763065587,9.777253435,8.335822984,8.741682769,4.809528777,5.219981459,6.719180002,6.655721243
Fas,7.713759782,7.332845235,7.498547558,6.819261916,10.90910389,10.92189056,11.47050094,11.39870443,7.069243879,6.757433347,9.604430982,8.217870921
Mybl1,9.034277391,8.0954604,8.873605561,7.098475035,11.10802542,11.11011487,11.83115421,11.80826378,7.689438951,7.153169946,7.486927768,7.367241188
Macroh2a2,4.505944659,4.885436425,4.061863734,4.631559689,8.500015939,8.59920658,8.37190227,8.377445273,4.448754151,4.367056342,5.787884574,5.400610616
Zmat3,9.341854297,9.693530937,9.577630483,9.940593629,12.76146628,12.84673374,13.06654429,13.08540305,8.977947685,8.867795432,8.657299253,8.721859389
Ckap2,7.704859621,7.075572297,7.252704746,6.921761499,10.65928551,10.87618282,11.31933982,11.36496999,6.938521048,7.003697325,8.079465682,7.9164133
Ddit4l,4.959443269,5.221172261,5.523908288,5.751966459,8.603115739,8.694461548,9.024662767,8.821008163,5.192720218,4.919653551,4.233071757,4.828320278
Gcdh,9.005573103,8.858071562,9.024678551,8.710548016,12.22458906,12.19161017,12.93781872,13.25473745,8.971275301,8.88392806,9.241566726,8.877218169
Aldh4a1,9.101940816,9.049462545,9.062077329,9.084331083,12.32264226,12.25101422,12.78898622,13.14300132,9.002152419,8.881251785,8.811533874,8.460445515
Mgmt,5.460214331,5.442858938,6.076923882,5.879702183,8.731552932,8.930786656,9.251401608,9.911271446,5.975956211,5.34954949,5.165448125,5.254511532
Bmp1,5.018101898,5.442858938,5.09959111,4.307337135,8.598132037,8.549111853,9.366150289,9.133856062,5.884218016,5.114547692,6.327409469,7.050486937
Ei24,9.890385826,9.838477849,9.886925021,9.747566669,13.351807,13.14445652,13.60923719,13.83850014,9.564272305,9.694828796,10.20929865,9.922778853
Cpt1c,3.294241044,2.660695792,2.793064158,2.272475024,6.552222025,6.921517145,6.821365168,6.460230204,2.977788722,3.570459614,4.142942955,3.694911979
Jag2,4.989070688,5.159986439,4.778630418,5.282571143,8.243361498,8.303615821,9.430289275,9.306271287,5.192720218,5.524393492,5.491835431,5.809270048
Pmaip1,8.652135605,8.821494126,8.684431042,8.747302207,12.08015588,12.10695506,12.49083226,12.49537346,8.266869812,8.538119303,8.826087849,8.867197953
Cad,10.68893994,10.80940728,10.56084445,11.15050814,14.25519109,14.25836155,14.72955598,14.75258022,10.6907236,10.69439546,13.07034852,12.71703102
Acad8,7.288625766,7.332845235,7.342289531,7.199870823,10.57428662,10.51345336,11.43470254,11.42031681,7.428741679,7.296656462,8.121370504,7.773514079
Aen,10.12697946,10.22387339,10.24615185,10.33818825,13.70941387,13.78621403,14.10155504,14.31599887,10.19474044,10.30268978,12.28745254,11.83625951
ENSMUSG00000072812,5.501915851,5.9561609,6.253574768,5.084679392,8.598132037,9.138641167,8.353975409,8.393924541,5.310178521,5.18568593,3.943802815,4.828320278
Ccnf,8.385947652,7.940351551,8.038399259,7.487431918,11.08772387,11.10764475,11.75692437,11.73146014,7.678557107,7.484706137,8.493725106,7.954770311
Aaas,9.536257132,9.571083726,9.4803454,9.511576343,12.86493475,12.85301499,13.51053266,13.64555297,9.574580915,9.613313846,10.57186495,10.28926309
Gm13854,6.665016205,7.108331538,6.81310282,7.43986112,10.13578937,10.31576523,10.72469578,10.48976989,7.285484423,7.108101367,6.285897513,6.778420172
Cercam,6.393137396,6.598948407,6.05589118,6.601836869,9.549952097,9.595277807,10.30536321,10.21780006,6.174903497,6.502707705,6.463959897,6.596301625
Scarf2,4.186026757,4.034863393,4.061863734,3.805102068,7.137302132,7.187864349,7.906370537,7.809347145,4.887200304,3.460011225,3.832876068,4.984795226
Pcdhgc3,5.28019568,5.416940736,4.495888242,5.561896522,8.583076795,8.277481793,9.212136236,9.000317654,5.659163444,5.318231989,5.454852834,5.830053715
Dyrk3,6.265788401,5.634974481,5.395852498,5.587070468,8.845284573,9.167389116,9.005651309,8.974983772,5.097891669,5.318231989,5.727146202,5.723005244
Exoc4,11.77405237,11.87953527,11.84566836,11.90148293,14.97907817,15.16083026,15.66237167,15.61818399,11.90393539,11.83947352,12.30574156,12.00597347
Gnb1l,6.436793841,6.52807771,6.443690968,6.300785678,9.754170333,9.963622991,10.37368301,10.42442762,6.824683008,6.792040711,8.689493521,8.190004662
Vcan,6.779648617,6.414782983,6.522465282,5.219575803,9.246604528,9.511802107,9.837511441,9.37705564,5.865148998,5.496685028,6.780247665,7.423027091
Lacc1,9.083175369,8.742828066,9.008348881,8.701931636,11.97451117,12.00313381,12.35772889,12.5573421,8.522524866,8.70782963,8.990163535,9.006091142
Plxna1,9.765407601,10.11322806,10.27828717,10.30822486,12.61465423,12.55332274,13.27917584,13.35177546,9.661425793,9.552373804,8.833310146,9.033230844
Atg9b,3.554166053,2.827379902,2.573859718,3.028138521,6.25574855,5.73221341,6.889322596,6.980170323,2.828270502,3.943188334,4.04680616,3.393594456
Mcam,5.831238991,5.763939684,5.613002542,6.445450173,8.593131059,8.411692529,9.939205345,9.854851309,6.045365306,6.488710162,5.695790377,6.022915327
Ass1,8.784749098,8.64574281,8.891523976,8.716263812,11.69707742,11.55835826,12.27916264,12.2754788,8.259586357,8.534717268,8.677504703,8.609140291
Rtl10,5.941426357,5.542112217,5.523908288,6.190132307,8.758605703,8.969390878,9.589422625,9.483548228,5.519793488,5.843197575,6.94932162,6.559438515
Kifc1,7.375318829,6.945640606,7.333577271,6.685800571,9.809117288,9.879249832,10.41893362,10.3075171,6.814778267,6.46030094,6.536552463,6.596301625
Ptpdc1,8.205262666,8.246578855,8.210054232,7.971309841,10.78302257,11.1454644,11.4240023,11.69701282,7.828834651,7.484706137,7.932523789,8.298378801
Tnfsf8,5.43890266,5.416940736,5.776210693,5.048888004,8.230536482,8.694461548,8.502406462,8.61151737,5.567761762,5.039718917,4.916194403,4.908678125
Syt12,4.767637379,5.190903693,5.395852498,5.012186041,8.293550991,8.303615821,8.49697121,8.720061896,5.418789636,5.468433955,5.416897213,4.947238613
Rxylt1,8.585814495,8.634540942,8.621405057,8.295329631,11.69474484,11.60288624,12.18428244,12.2861856,8.47614763,8.575021585,9.35380144,9.418320017
Spc25,7.593541274,7.187115936,7.243432547,6.754073979,10.02131244,9.977217631,10.87368074,10.75085641,6.873211678,6.933095637,8.079465682,7.515744825
Bax,10.01802525,9.901750219,10.03264789,9.936926723,12.99053083,12.90194775,13.64638111,13.76676283,9.867110537,9.917532859,11.28202332,10.93846603
Tmem63b,8.326264498,8.737602465,8.509827954,8.815455177,11.65809898,11.76370944,12.30388552,12.33429628,8.860093744,8.79287931,10.72532324,9.589594765
Efcab8,3.631349188,4.546060717,3.301881152,4.423697269,7.007997065,7.396519539,7.51285661,7.510053413,4.286224035,4.023054398,5.29664392,5.558393222
Apaf1,10.81835853,10.89462826,10.82991686,11.05337577,13.57715774,13.65512791,14.25453222,14.23894257,11.0591251,11.03742604,10.40860526,10.09258075
Notch3,4.464361122,4.593112016,4.14388433,5.251417282,7.671056853,7.942563422,8.323593224,8.063974006,5.614186324,5.34954949,4.398015364,5.910317704
Qpctl,8.157135891,8.216844149,8.171463547,8.646132662,11.29210115,11.30597779,11.73631355,11.68478718,8.153557663,8.220067005,8.520817729,8.447053529
Trp53inp1,13.05500532,13.02842414,13.05225199,12.87716361,15.08551415,15.04635244,15.92852642,15.90176337,12.90464215,13.11583198,11.50982436,11.15418508
Ddit4,9.269755759,9.854256242,10.23332878,10.09554664,12.23706613,12.30051844,12.91609301,12.91079742,9.195845169,9.268861882,9.919795806,8.528783729
Cdkn2b,3.774333367,3.455509812,3.974897492,3.716622471,6.572691097,6.804380672,6.889322596,7.383735283,3.45680615,3.570459614,3.832876068,4.505524682
Rasd1,4.133931288,3.814343035,3.677283755,4.245437312,6.780542646,7.169033785,7.864775435,7.689865354,4.227706854,4.694256915,4.916194403,4.78639807
BC034090,5.67595389,5.938051116,5.395852498,5.859182926,8.557630242,8.73982987,8.93103282,9.441889655,5.786247844,5.578263266,5.663737888,6.469574739
Gm21969,3.472619117,4.165130232,3.783457728,3.88846741,7.17795065,7.050577131,7.214786893,6.965544489,4.227706854,4.170633377,3.832876068,4.282408945
Dcaf4,8.744058623,8.659623931,8.517540977,8.661027113,11.60443342,11.57812009,12.14050817,12.33144732,8.739623116,8.77568945,9.183409362,9.258847249
Sulf2,7.812349811,7.346640151,7.618159365,8.279973928,10.47175535,10.4832828,10.89036029,10.91685001,7.982727442,7.839310869,6.622440012,7.768139227
Gria3,6.458136457,6.621818879,6.582527346,6.93162204,9.555104742,9.758480937,10.18208258,9.892064449,7.165911941,6.847936418,6.264684846,7.217539872
Ctc1,9.577066476,9.786289051,9.597780332,9.851207627,12.5979001,12.61679954,13.16857088,13.2693251,9.813407112,9.784927899,10.02604298,10.00732797
Hdac4,10.40283894,10.52998828,10.35347368,10.58228529,13.41640407,13.56662223,14.0143645,14.03757199,10.55897337,10.53921846,11.67218496,11.26470443
Gm28041,6.085532912,6.291827159,5.696913299,6.15689304,9.026854665,9.354023244,9.555836012,9.585111489,6.205548913,6.386729557,7.667486821,7.136429985
Gm6786,2,2,2,2,4.94577978,4.929301606,5.351164343,5.309504902,2,2.285565721,2,2
Wnt6,2.718566724,2.255337515,2.573859718,2.272475024,5.177264484,5.924116636,5.654335376,6.396233625,2.472776571,3.570459614,3.832876068,3.694911979
Sp6,4.898298181,4.959125317,4.726342076,4.366690008,7.293445457,7.091153025,8.090860763,8.399376065,4.960902934,4.484563717,5.527893648,4.220788189
Klhl26,8.588236359,8.703166748,8.621405057,8.67283294,11.45807899,11.44356792,12.1664183,12.22225825,8.710538607,8.548277534,9.358815048,9.192181547
Zfp385a,8.553954608,8.547634098,8.517540977,9.423477579,10.83795894,10.80935301,11.02956514,11.31031164,8.573344229,8.77568945,6.605666687,7.429851066
Sh3yl1,5.231448299,5.128392085,5.428947717,5.795813745,7.255965197,7.490523484,8.412885145,8.468432702,5.724104521,5.86503433,4.233071757,3.944040584
Ccdc122,6.788100465,6.361425208,6.654250801,5.706744655,8.911063049,9.148287607,9.087489613,9.340681442,6.111587802,6.416609817,5.210518769,6.401776666
Hmgcll1,6.029605492,6.361425208,5.776210693,6.808599761,8.38319456,8.443381255,9.488962433,9.363173882,6.250330005,7.296656462,5.337852167,5.372550493
Slc35e4,5.256027871,4.994604762,5.179552205,4.679161198,6.977617942,6.987489831,7.898146904,7.889012231,4.396585756,5.34954949,3.712704574,3.694911979
Klrb1,3.472619117,3.891656122,3.783457728,4.245437312,5.815021191,6.280527977,7.031445404,6.777388661,4.227706854,3.673050397,2.650246926,3.150880318
Peli3,3.965307359,4.034863393,4.14388433,4.423697269,6.44527968,6.594605547,7.075869929,7.427081906,4.166715446,4.367056342,3.437393082,3.277335555
Rap2b,9.561127592,9.262739292,9.397081397,9.77109743,12.11764223,12.06428195,12.46218061,12.4706628,9.174703799,9.313220723,8.661363045,9.348009267
Jun,9.610809734,8.676106877,8.867582957,8.785863734,11.87191553,11.92391682,12.17282378,12.17853854,8.762990994,9.244078679,9.987718413,9.006091142
Slc2a9,8.357834809,8.314835552,8.505955923,8.883076351,10.81236691,10.77084253,11.15651226,11.15944483,8.552634947,8.790028519,6.867260015,7.331246817
Mdm2,11.04287167,11.14901281,11.05726832,11.34613109,13.97018419,14.10225612,14.33107749,14.34938857,11.19371015,11.26182875,11.33259224,11.10173514
Kif18b,7.598355135,6.981449128,7.086350034,6.330902363,9.214398946,9.14347245,9.798277711,9.832859832,6.530029114,6.085665439,6.605666687,5.948834974
Slc22a12,4.801428619,4.28460269,4.495888242,6.538722587,7.293445457,7.24292478,8.119439355,7.801133239,5.470175298,6.175785983,4.142942955,4.398275685
Gpr179,3.554166053,3.732651019,2.983313619,4.042004615,6.552222025,7.278497903,6.468372095,6.655113936,3.89314645,3.768827726,4.614693621,4.743221125
Sgsm2,7.873198444,8.186483675,7.873888491,8.369748188,10.93995989,10.8123899,11.40453957,11.5168936,8.292076179,8.141727573,8.620200634,8.560221988
Cpne2,6.336640873,6.109666125,6.271931278,5.978136548,8.411879267,8.329284849,9.065626495,9.097425865,5.659163444,6.140410401,5.165448125,5.314737896
Fosl1,4.697583589,5.159986439,4.778630418,5.153703677,7.840999906,8.089995959,8.21522865,8.150571942,5.06484454,5.039718917,6.407013188,6.495826317
Slc39a14,8.677378397,8.821494126,8.632102455,8.867750412,11.46835716,11.61424187,11.90123669,11.99897743,8.642172065,8.588209965,10.4770643,10.01301946
Lif,4.546363116,4.682847135,4.432025256,4.813210419,7.341950952,7.592972851,7.69478004,7.569293355,4.547751423,4.64462122,4.54602092,5.02139891
Gm12895,9.164950881,9.874632531,7.994858367,8.584967804,10.29824685,8.85033382,7.565734344,8.592605253,8.980164973,8.81828606,5.563072572,5.89066645
Gm12896,9.164950881,9.874632531,7.994858367,8.584967804,10.29824685,8.85033382,7.565734344,8.592605253,8.980164973,8.81828606,5.563072572,5.89066645
Ldhb,4.733035648,4.226102827,3.882350692,4.366690008,6.780542646,7.661938156,6.328496569,6.374254646,4.342459929,4.877303674,2.890761998,4.089040188
Rps27l,9.485191821,9.051569701,9.41989639,8.9621736,11.98457157,11.74634747,12.59816407,12.43593797,9.290008606,9.29322653,11.10536176,10.73173133
Csf1,8.124135659,7.865672066,7.949962397,7.675213394,10.61062269,10.65551045,11.17194291,11.24897844,7.858063908,8.236912818,8.851209274,9.073006487
Heyl,3.294241044,3.732651019,3.43816071,3.521505142,5.744602455,5.924116636,7.031445404,6.636768368,3.647442438,3.858640528,3.437393082,3.694911979
Fam216a,7.451786436,7.156116523,7.298192378,7.271498897,9.866199815,9.687479848,10.59841782,10.75723936,7.320905825,7.69438007,8.091563203,7.620864701
Cby1,7.341264155,6.954676405,7.186511933,7.054029079,9.50539528,9.245862039,10.03607557,10.24983953,7.044029758,7.003697325,6.824409731,6.534329202
Pomt2,8.37757117,8.332273732,8.350542941,8.437058453,10.92411664,10.89778874,11.70483447,11.73200034,8.528597366,8.544899398,10.2664419,9.535259255
Nexmif,2.56964645,2.827379902,2,3.028138521,5.066159961,5.449709713,5.351164343,5.524325829,2.661445587,2.907315663,2.361452162,2.492449186
Stac2,8.16689054,8.429458288,8.195703421,8.854853241,7.037749658,6.875797383,5.730417878,7.023178681,9.398434936,9.481695809,5.663737888,5.929704877
Fam83h,5.373011013,5.493338952,5.613002542,5.282571143,7.824025118,7.862783077,8.188503056,8.903889801,5.826237743,4.960795631,5.527893648,5.986350588
Gna15,8.448600913,8.499050328,8.52138208,8.704809485,10.45117414,10.31362351,11.07404671,11.36914337,8.528597366,8.353494795,7.643035469,7.217539872
Rrm2,9.201793254,8.495958825,8.646243374,8.272234348,10.67475395,10.50033131,11.45726788,11.53310284,7.828834651,8.025343843,8.796831581,8.419890749
Creb3l1,4.421543338,4.165130232,4.295136453,4.307337135,6.280847002,6.446096851,6.278686222,5.907671439,3.89314645,3.858640528,2,3.694911979
Dnm1,5.04656042,5.128392085,5.014936794,4.855261593,7.317902048,7.505612107,8.154384437,8.124475756,4.887200304,5.410215952,5.070849249,5.53326555
Muc5ac,2,2.255337515,2,2.69922708,5.329359085,6.446096851,3.016315449,3.690892926,3.555270817,3.209970323,2.650246926,2.858905856
Tsen54,8.882707706,8.737602465,8.972320797,8.88561492,11.31961125,11.35470367,12.04643789,11.94920299,8.964571913,8.994549621,10.9832514,10.27322686
Bhlhe41,9.603645179,9.550371252,9.394989304,9.670169567,11.57493177,11.41388415,12.09086113,12.16699896,9.340933103,9.77053779,8.283069213,8.584888467
Akr1b10,9.746016193,9.660777137,9.667034966,9.62378679,11.56666409,11.57901195,12.18512762,12.34493008,9.63352405,9.614925672,8.433218513,8.70226547
Carhsp1,9.790863912,9.623017792,9.656594405,9.853802846,11.9226309,11.68222131,12.90330972,12.93375552,9.74203242,9.958734604,9.805097564,9.650746689
Bcl2l11,10.27638197,10.34134968,10.28733874,10.61707287,12.89927415,12.97964794,13.39328333,13.28302963,10.47499028,10.44631099,11.06605115,10.39678684
Ercc5,9.7950633,9.812619425,9.697910821,9.751747143,12.1885708,12.35724513,12.58445569,12.50457143,9.690153218,9.603604886,10.01019795,9.560352526
Zbtb42,6.710189853,6.699125656,6.654250801,6.808599761,8.123612798,8.232844708,8.529279746,9.090702212,6.493241691,6.474575479,4.54602092,5.400610616
Nme4,6.165557733,5.938051116,6.097654355,5.751966459,8.359828948,8.139200634,8.839516857,9.011040313,5.614186324,5.680319746,6.518743879,6.881575578
Nudcd2,9.259155413,9.257272219,9.156489134,9.235270674,11.708106,11.64608094,12.27202044,12.20990151,9.199655989,9.186709067,10.71753809,10.43459827
Notch1,10.44353449,10.73989448,10.55523482,10.81782869,12.69766497,12.94201429,13.3920028,13.26820819,10.6467347,10.50050497,10.2503449,10.01188296
Arhgap35,10.66562151,10.73465822,10.63451401,10.98577256,13.30497608,13.41354748,13.7110388,13.8245112,10.94343626,11.0027569,11.76244342,11.47354414
Dagla,3.904415611,3.965035939,3.562670827,3.413066444,6.204202492,6.31519679,6.118022626,6.133814352,3.966553518,2.907315663,3.437393082,3.944040584
Gm18959,5.395310955,5.542112217,5.851375675,5.859182926,7.95453978,8.186782332,8.105220823,7.949721185,5.519793488,5.380201582,4.969609437,5.223428512
Klhl22,8.308748631,8.380008253,8.494277086,8.655087772,10.82735071,10.74723295,11.60289448,11.65490195,8.625270491,8.752446315,9.363811294,8.994630498
Thumpd2,8.083512396,8.17493173,8.121726664,7.999709287,10.44424797,10.51904076,11.05105043,11.0793498,8.004676165,8.058888763,8.789423864,8.473714331
Pigf,8.009547287,7.786914842,8.219542742,7.932552798,10.36578121,10.27451872,11.08223646,11.00888155,7.960439633,8.150645001,9.606540148,8.839278015
Spsb1,4.505944659,4.885436425,3.974897492,4.366690008,6.882442795,7.111020895,6.889322596,7.327653773,4.848887186,4.170633377,4.398015364,5.284938965
Oxld1,7.097848442,6.936547859,7.147277637,6.431619293,9.237018116,9.218650466,9.822380403,10.03725682,6.965630391,7.013507041,7.849472929,7.402359338
Ahi1,8.360670873,8.439148106,8.430341136,8.699048036,10.49874806,10.78791392,11.44391232,11.68924486,8.585045989,8.70782963,8.766969726,8.746666759
Rgs12,7.942983054,7.77165696,7.754949098,7.771689765,9.690038252,9.636985574,10.34068626,10.4807982,7.773659401,7.765765552,6.687648648,7.177554864
Micall2,5.562291585,5.250818805,4.877843696,5.372188845,7.268567117,7.260820981,7.813224657,7.245286494,4.547751423,4.484563717,4.398015364,4.869058619
Ppm1d,9.780311649,9.738695017,9.72647684,9.950326722,12.1760834,12.25827065,12.53094309,12.60530506,9.810917899,9.954921541,10.14109439,9.577354407
Palm,6.540483092,6.27749538,6.443690968,6.979938461,8.780768519,8.59920658,9.231902502,9.431284305,6.657417704,7.089672191,6.033404797,6.240357888
Serpine2,8.828426583,9.166858228,8.915074178,9.251106994,11.02690227,11.44258824,11.62486392,11.87337069,8.955585336,8.889265761,8.95748592,8.699444487
Nfil3,5.86358911,5.657285255,5.776210693,4.855261593,7.542055217,8.250865607,7.889876126,7.809347145,5.470175298,4.833672935,5.491835431,5.223428512
Gm15185,5.15509243,5.39054838,5.217929976,5.61181267,8.230536482,9.043632066,6.227094439,6.025169363,5.765829386,5.86503433,4.969609437,5.314737896
Rnf169,11.00666491,11.13963393,11.03661611,11.30784138,13.5943095,13.65956138,13.99942646,14.06366447,11.36001304,11.34527457,11.94020245,11.38809012
Sac3d1,7.583865094,7.283497006,7.474972836,7.332313598,9.832646421,9.584659704,10.39429469,10.506285,7.628546801,7.533246959,9.273776336,8.800313096
Nfyb,10.07784572,9.955628379,10.00136044,10.06115049,12.35586935,12.35568468,12.99725456,13.123576,10.11828358,10.14205668,11.20616407,10.70736579
Gm44216,6.178474048,6.2630198,6.290057156,6.40355328,8.478481402,8.504744047,8.507821314,8.015097793,6.349711253,5.798506761,5.902189511,4.743221125
Il2ra,7.612701087,7.714288869,7.350949494,8.344136062,10.13922443,10.40094569,10.75574906,10.75723936,8.1015497,8.425066392,9.149092738,8.935920519
Gne,10.37013908,10.39875561,10.3652763,10.54904219,12.81211173,12.87895677,13.00636898,13.23524547,10.2536663,10.51697755,10.56320342,10.64495501
Bloc1s2,9.47475822,9.246275524,9.197879177,9.219258589,11.72306241,11.62809642,12.13920037,12.0970119,9.224183945,9.409235086,9.821533254,9.702383768
Rap2a,7.451786436,7.533124091,7.559592713,7.87750253,9.733865693,9.75216876,10.37219942,10.45354345,7.49846364,7.724554421,7.549658751,7.626816028
Clec2g,9.209679471,9.362861155,9.146575269,9.180502125,11.54222177,11.53832197,11.35131755,11.35448342,9.097148412,8.999494015,8.661363045,8.305816999
Glipr1,11.29087843,11.11918515,11.01566396,11.33688541,13.45447311,13.53479903,13.65510024,13.75631196,11.0809833,11.0583085,10.94792192,10.9744996
Mapkapk3,9.737313413,9.822524981,9.785164588,9.897221926,12.0356917,12.08074752,12.57481397,12.71512066,9.966633623,9.931829071,10.1220537,9.753596834
Cpped1,7.892924068,7.985136409,8.224263697,8.121011611,10.28745145,10.28111024,10.54674601,10.73800515,7.853233305,7.930154173,7.806082996,8.001325508
Bcl2l15,5.373011013,5.096090309,5.428947717,5.251417282,7.661533003,7.986246528,7.377434062,7.183433647,4.594813923,4.833672935,5.29664392,5.091932727
Zfp958,9.452333064,9.450107879,9.432190517,9.340790398,11.72763336,11.95928189,12.24471512,12.18486591,9.555377345,9.545628827,10.9840628,9.894691343
Efna5,2.976964514,2.976785029,2.793064158,3.413066444,5.329359085,5.569426496,5.44447472,5.524325829,2.977788722,3.066565004,2.890761998,2.858905856
Gpr68,7.791482938,7.985136409,7.660575051,8.112367789,10.09391775,10.40296171,9.931167279,10.10721806,8.004676165,7.573591802,7.026965647,7.572349066
Adam8,7.778816389,7.318917139,7.418419148,7.347124993,9.52653471,9.905083892,10.18715397,10.31618942,7.422233002,7.43447508,7.965765206,7.891911753
Commd3,10.38344755,10.13525185,10.22981171,9.873119587,12.47109152,12.40278699,12.90125384,13.0352913,10.10818175,10.34894442,10.9099987,10.50898405
Ston1,5.747040227,6.125756146,6.05589118,6.685800571,8.874432358,9.395114908,7.906370537,7.092127235,6.078856488,6.27698812,5.982341679,6.240357888
Ppp2r5d,10.01982055,9.955628379,9.89878577,9.967203213,12.27581463,12.2307269,12.70603234,12.88528423,9.977772825,10.01475324,11.48367048,11.06220553
Itm2a,6.415130745,6.188379627,6.427406482,6.499484695,8.324055287,8.196113213,9.054569422,9.090702212,6.403570716,6.557378069,5.846168796,6.040855946
Tnfrsf10b,9.901139881,10.12528269,9.986153576,10.51583456,12.26995077,12.56191935,12.69835673,12.64140968,10.19474044,10.274412,10.00381089,10.00046842
Dnah12,5.926191249,5.700897658,5.875584907,5.153703677,9.194724762,7.897516233,7.304636886,6.599362184,5.659163444,6.416609817,5.165448125,6.022915327
Gm17981,4.661238356,5.442858938,5.179552205,5.838367611,7.204427019,7.396519539,7.795623436,7.653827869,5.06484454,5.039718917,5.118923916,5.02139891
Eng,6.655809224,6.233625483,6.735862064,6.787036104,8.68530621,8.77138398,9.418837738,9.100775977,6.938521048,6.953622554,6.033404797,7.161245315
Phlda1,4.929194636,4.593112016,4.829089744,5.251417282,7.164527997,7.22480379,7.938804173,7.689865354,5.192720218,5.843197575,5.787884574,5.53326555
Scd4,6.3820137,6.306017964,6.522465282,6.551568265,9.000655984,9.670844019,8.539890449,8.420978467,6.335926243,6.814659525,7.159291894,7.032666425
Trim7,12.42289118,12.57892933,12.44976766,12.44371519,14.04041288,13.97082126,14.38522143,14.75131509,12.44290089,12.34683496,11.09262769,11.24065026
Zfp874a,9.161702285,9.151222597,9.197879177,9.066542058,11.25062091,11.37333115,11.98126987,11.85166182,9.195845169,9.384879487,9.735489716,9.281659655
Slc25a42,8.531478234,8.708518345,8.55549942,9.147037637,10.84638972,11.01446246,11.12426575,11.27293481,8.691720261,8.571705565,8.781977915,8.600093564
Tnfrsf18,8.45392259,8.380008253,8.677562593,8.21686256,10.15458178,10.00136975,11.03894591,11.26996193,8.466690559,8.454170949,8.156344912,7.95949402
Acot1,6.015278185,6.333987562,6.271931278,6.190132307,7.293445457,7.24292478,8.607020676,8.775616024,6.429764728,6.085665439,4.860725415,5.343933763
St14,9.876581879,9.750417269,9.744663824,9.768348943,11.85947388,11.80926513,12.15697187,12.39217722,9.546427203,9.613313846,9.769772638,9.480441226
Xrra1,4.898298181,5.159986439,5.014936794,5.084679392,7.150979288,7.490523484,7.606683989,7.316171038,4.887200304,4.742241548,5.597414066,5.057096829
Pcdhgc5,4.929194636,4.101466604,4.061863734,4.478537287,6.552222025,7.130618869,6.803863586,6.858788757,4.684569418,4.694256915,4.317899532,5.191661031
Abhd4,8.424407417,8.213083847,8.284270381,8.295329631,10.11500546,9.86176649,10.5201991,10.60984526,7.853233305,8.318311903,7.204552281,7.64452411
Rarg,7.013864253,7.439678809,7.033534593,6.754073979,8.853672775,9.001677438,8.856593741,9.207179348,7.241797822,6.325045801,5.630957075,6.968501874
Fbxw9,7.654902379,7.660079436,7.715256535,7.867263727,9.639996155,9.726640199,10.44880023,10.5473781,7.853233305,7.833784747,7.783888644,7.886961111
Rbl2,11.5494953,11.56464493,11.55940011,11.66853737,13.32923961,13.39340874,13.72170877,13.88635944,11.59625499,11.59803096,10.72629344,10.58584492
Mettl6,9.579503058,9.608778188,9.65309736,9.741973794,11.91713868,11.99714093,12.29334183,12.24817009,9.612237809,9.726485684,10.9295062,10.55496606
Crip2,8.493221499,8.286488482,8.551748204,8.690362491,9.565355151,9.084401021,10.06207301,10.23161848,8.16139506,8.257697185,6.008099143,7.345752507
Gpr55,8.448600913,8.359743683,8.438489809,7.507348828,9.763103694,10.09910964,9.704716496,9.994672336,7.196746916,7.296656462,7.477739313,7.241009525
Homer3,7.514251356,7.692848902,7.451006476,7.927634132,9.516003713,9.545044069,10.37368301,10.49487163,7.867676861,7.971002072,7.7229782,7.690709804
Arhgef9,5.711934846,6.125756146,5.327293511,6.222622967,7.736019447,8.10987966,8.201927738,8.144092016,5.865148998,6.104145543,5.165448125,5.910317704
Nectin4,6.762594913,6.741509528,7.261917733,7.44675374,8.745142727,8.879584692,9.773765491,9.529019764,6.79476242,6.943395603,7.421344641,6.778420172
Ttc9,2.56964645,2.472206906,2.315276684,2.272475024,4.121830865,4.257427168,4.966856657,4.817410675,2,2.907315663,2,2
H2aj,10.06573086,9.918010496,10.04337336,10.04193403,12.15120497,12.07570118,12.50883462,12.89182582,9.981097883,10.06632344,10.85162126,10.48051021
Snx20,11.62102056,11.55055949,11.53538285,11.57293979,13.62280816,13.52650119,14.02017827,14.19622261,11.52780061,11.59680801,11.68521611,11.37886294
Clec2f,5.747040227,5.308344543,5.523908288,5.660059359,7.365605539,7.347116161,7.446733729,7.304596176,5.031022634,4.833672935,4.473915289,4.869058619
Tef,10.45087241,10.41357656,10.48025249,10.65774009,12.44842544,12.45083808,13.12849003,13.22683785,10.48283036,10.32944256,11.10834175,10.84519376
Irak1bp1,5.956502261,6.060290513,6.034547305,6.360403187,8.000591341,8.039053668,8.856593741,8.72441207,6.190307574,5.775631248,6.962555961,6.608382946
Cuedc1,6.60887178,6.688332233,6.343107187,7.166857751,8.886746219,9.10436145,9.061950212,9.385321029,7.173682689,6.891144283,6.922483065,7.522144979
Kif1c,10.67134378,10.70484482,10.57384937,11.00807839,12.85217087,12.74987003,13.17815419,13.349841,10.6467347,10.75046381,11.02485097,10.87612676
Hspa2,7.246314305,7.042051875,7.167028154,7.369060817,9.368685547,9.200220026,9.892362682,9.956351055,7.263806477,7.533246959,7.827941079,7.778868982
Msh6,10.98477228,10.79186795,10.78748377,10.92906624,12.92959513,12.92141706,13.38907158,13.59700491,10.75299384,10.94177299,12.27457718,11.60860949
Sdc1,9.487788473,9.29333404,9.319786507,8.910757917,10.03243892,9.947138499,10.71887109,10.82666085,8.840701007,8.734764871,7.468491961,7.217539872
Zbtb10,9.373088942,9.578409559,9.332960007,9.750354997,11.62540514,12.10571782,11.97052507,11.86649869,9.653111784,9.673331584,11.05219017,10.4405234
Ephx1,11.38477295,11.29088582,11.30577771,11.38522585,12.33430279,12.15678951,12.79120835,13.01701136,11.33467677,11.552077,9.678483038,9.260762121
Kifc5b,6.736630318,6.954676405,6.459793691,6.360403187,8.478481402,8.549111853,9.17177222,8.93800294,6.774464962,6.210314858,6.962555961,6.495826317
Sspn,7.091033502,7.471504505,7.075940495,7.675213394,7.603030586,8.10987966,7.847795692,7.767801817,7.570867673,7.805832092,4.54602092,5.254511532
Kcnc3,6.932332818,7.179428304,7.167028154,7.621399904,9.481237192,9.511802107,9.659211907,9.711012872,7.479780266,7.573591802,8.977181173,8.65936037
Vopp1,9.146992392,9.157105835,9.190660804,9.327781514,11.13494405,11.16341432,11.39507415,11.48455962,8.995591299,9.332941603,8.636806794,8.999225687
Dffb,8.902304616,8.917045682,8.79009907,8.875433733,10.8015681,10.70373693,11.60920567,11.61738438,8.993397612,9.014226331,9.987718413,9.46225053
Zfp456,9.895283972,9.873441859,9.824559354,9.780676109,11.87294751,11.88333732,12.47467777,12.5284019,9.993224615,10.08272362,10.79725939,10.23087416
Hpcal1,8.677378397,8.380008253,8.660247031,8.628053937,9.919112624,9.882143235,10.16161687,10.1897597,8.3203543,8.337963782,6.622440012,7.559960878
Cacna1b,5.460214331,5.565894139,5.09959111,6.105552561,7.293445457,7.953608824,8.147462808,7.912078493,5.724104521,5.86503433,5.846168796,6.022915327
Gm9961,3.554166053,4.226102827,4.365203817,3.88846741,6.007739785,6.349052004,6.278686222,5.937955164,3.966553518,3.943188334,3.943802815,3.944040584
Zfp688,8.908132154,8.884317643,8.764398746,8.774950926,10.67593699,10.68065637,11.40163374,11.52689005,8.916755286,9.13147477,9.13162339,8.969091956
Samsn1,10.91702759,10.64260479,10.72056301,10.42364309,12.75055893,12.68590377,13.29629142,13.18897548,10.90485704,10.93855853,12.26626289,12.07996098
Anks1b,4.079883959,4.394933602,3.974897492,3.88846741,6.150746286,6.31519679,5.144218646,5.355104395,3.89314645,3.943188334,3.096851215,3.012266786
Gm16071,5.15509243,4.847130731,4.67208712,5.153703677,6.632411446,6.754726648,6.803863586,7.131968168,4.809528777,4.539912876,4.04680616,4.698712009
Depdc5,11.41612442,11.57530258,11.4870969,11.78936777,13.45757198,13.48261348,14.0237262,13.99387126,11.65398952,11.66879728,11.6277045,11.52822252
Rnf144a,11.14510651,11.27293695,11.04930895,11.4285213,10.19640278,10.02250405,10.5201991,10.8347311,11.23700144,11.21795809,8.414078777,8.367539612
Bfsp2,9.573403871,9.381407977,9.52503285,9.307098991,11.03337806,11.08773001,11.37817397,11.39119976,9.46485883,9.481695809,8.29880716,8.647700187
Espn,5.562291585,6.478819432,6.325639697,5.774056675,7.661533003,8.007601887,7.227970315,7.60747701,6.363365793,5.18568593,4.614693621,5.850542218
Dkkl1,5.694056536,5.063048703,5.179552205,4.935856384,6.23020572,6.414468376,6.575393183,7.023178681,5.192720218,5.114547692,3.832876068,3.501179337
Csnk1g1,11.32176932,11.5078425,11.34910688,11.70779868,13.51967471,13.58804509,13.74051686,13.82400455,11.47689244,11.49370149,11.85139351,11.59615096
Trim32,7.7531447,7.671085502,7.674440948,7.651543744,9.483941488,9.307428127,10.30225038,10.34048161,7.705609352,7.712560306,8.624370128,8.081516647
Gpr132,10.38135435,10.65651599,10.43311432,10.42713248,12.29749815,12.78507744,12.85393899,12.88819526,10.53202252,10.47765435,11.7868288,11.16189066
Gss,8.498381392,8.492860684,8.764398746,8.833974908,10.37163404,10.49277906,11.10563786,11.14247784,8.491772946,8.630258129,8.927429538,8.923886278
Wdr91,10.41789426,10.49247708,10.4613817,10.84612664,12.22660881,12.20264704,12.88548069,12.88746805,10.7281435,10.7938006,10.21345622,10.11392411
Txlnb,6.762594913,6.688332233,6.709168,6.614135032,8.102651442,8.570794357,8.795918799,8.758749161,6.190307574,6.047979543,6.407013188,6.58411828
Slc2a4,3.294241044,3.646054099,2.793064158,2.69922708,4.591844358,4.517710431,4.441457194,4.94217554,2.472776571,3.340400992,2,2
Eid3,6.560355745,7.007734056,6.722576771,7.017459339,8.371559057,8.908254265,8.986385975,8.583055406,6.349711253,6.293185872,6.703500466,6.735000163
Fam110a,6.947503547,7.042051875,6.837957313,7.44675374,8.42319534,8.294956973,9.09110147,9.197824147,7.102191528,7.003697325,6.407013188,5.967714721
Paqr5,6.436793841,6.927397439,6.17771994,6.614135032,8.151095774,8.647620081,8.407101246,8.837166599,6.600904046,6.59706282,6.130409277,6.359513809
Foxo3,11.34020682,11.48930736,11.34097929,11.72491096,13.0759089,13.0766122,13.48347634,13.54092032,11.38114155,11.4671771,10.9303484,10.65299675
Ptp4a3,12.4865923,12.4472789,12.24432788,12.68104765,13.9568628,13.93312799,14.24392444,14.55997452,12.3834139,12.50144078,11.47099249,11.61909665
Ttll9,5.43890266,6.026408913,5.554221841,5.859182926,7.632578314,7.714830914,7.978346996,8.111248486,5.845824552,5.928628844,5.982341679,5.830053715
Kifc5c-ps,2.403565732,2.472206906,2.315276684,2.272475024,3.420201967,3.939615977,4.764593057,4.94217554,2.977788722,2.728281369,2,2
Chek2,10.29503426,10.14416556,9.744663824,10.91111211,12.13752997,12.46779055,12.60386401,12.27510818,10.23243159,10.27645032,10.80370818,10.79255891
Frrs1,8.803630166,8.98035525,8.867582957,9.237259747,11.04898501,11.47648736,10.94127464,10.91399628,9.059897217,9.062275081,9.0126053,9.388855583
Trib2,10.32002048,10.54726479,10.20136214,10.67471916,12.15163023,12.05212945,12.77838414,12.85187531,10.62918052,11.05771603,10.16705031,10.26275467
Tbxa2r,7.397583401,7.68200824,7.359557785,7.571820113,8.197966103,8.527098501,8.69034221,8.978630249,7.299757514,7.800175978,5.527893648,5.948834974
Myo3b,6.229013078,6.361425208,6.537716842,6.2064691,7.542055217,8.379292101,7.160814423,7.257345095,6.455491622,6.175785983,4.614693621,5.057096829
Txnrd1,10.63549422,10.45714718,10.80649716,10.82776323,12.52164729,12.44449036,12.85473599,12.93937994,10.23150121,10.34506508,11.33322919,11.24065026
Igsf11,8.293987852,8.393361539,8.333165791,8.839222886,10.60442279,11.41887405,9.302146413,9.478406217,8.561546779,8.601278875,7.985348517,8.789742229
Ehd4,10.70185786,10.72280669,10.77948696,11.18801248,11.81345155,11.47648736,12.46113428,12.6289916,10.98432826,11.34866907,9.18905027,9.520950094
Tbc1d2,6.241375971,6.58737576,6.076923882,6.921761499,8.081381036,8.007601887,8.632030466,8.952909217,6.468185049,6.757433347,6.221300238,6.387826159
Ptpn14,10.49219448,10.77411277,10.49497806,10.13448783,11.66288011,11.89484376,11.88416276,11.95198799,10.10716766,9.841094556,9.083977084,9.274095529
Erich1,8.279074487,8.300731639,8.324398091,8.398473026,10.43169645,10.5356743,10.6235759,10.53875866,8.537658457,8.368860392,9.125752948,8.921467337
Sarm1,4.929194636,5.096090309,4.877843696,4.679161198,6.832392208,6.875797383,7.188053038,7.051154748,4.960902934,4.593216784,5.337852167,5.372550493
Gm15988,3.38618521,4.165130232,4.14388433,4.042004615,5.780241427,5.782634872,5.44447472,5.639369912,3.89314645,4.367056342,3.096851215,3.150880318
Clcn2,6.893693025,7.100211201,6.978711924,7.43986112,8.841072111,8.990995334,9.547972941,9.478406217,7.110312199,7.126298093,8.103560125,7.964202312
Nanos1,8.059276274,7.935795642,7.735239319,7.596822981,9.531771521,9.232320408,10.02289903,10.28413278,7.55904987,7.991000345,7.998257919,7.596810812
Gm6092,7.202724341,7.304853266,6.967492889,7.710005292,9.478527818,10.05106725,8.273610325,8.377445273,7.460851757,7.170810417,6.867260015,7.450131436
Tnip3,6.216543328,5.974046173,6.097654355,6.40355328,8.293550991,8.687862306,8.083626774,7.7928723,6.095314968,6.416609817,6.327409469,6.255801796
Myo10,10.13776635,10.22853728,10.5401683,10.6413101,12.25736099,11.99513776,11.96561448,11.94594701,9.732857087,9.858887776,9.481107409,10.20525038
Fosl2,7.682365999,7.724890542,7.891803414,7.645565152,9.426058679,10.20226906,9.433138012,9.063489796,7.389241742,7.247627325,7.746122022,7.374333539
Pinlyp,2.718566724,3.349885883,3.151372608,2.87303589,4.509301425,5.175593773,4.835212321,4.881141402,3.113255978,3.340400992,2.361452162,2.492449186
Rgs18,8.498381392,8.282905612,8.566694899,8.362476717,10.10098129,9.899382836,10.73627507,10.74872246,8.361758615,8.372676355,8.538600889,8.194018662
Celsr2,6.216543328,6.731029721,6.410936084,7.369060817,8.515958488,8.577950042,9.005651309,9.276955611,7.535119823,7.441758913,7.746122022,7.014623034
Mx1,10.23602308,9.994482531,10.26345617,10.49104268,11.74858763,11.99246252,12.62923867,12.20679571,10.11425133,10.88546091,9.747008113,10.06544972
Tmtc3,7.659516108,7.766534928,7.741839209,7.686904168,9.20787065,9.05393282,9.961081856,9.629857762,7.473498317,7.43447508,7.026965647,7.345752507
Rapgef3,7.791482938,7.998305187,7.59647453,7.995014699,9.11322998,9.303116625,9.398576187,9.63217482,7.937802095,7.742360674,6.327409469,7.169423137
Tcp11l2,11.13768521,11.38245688,11.23268805,11.64400754,9.832646421,10.09162956,9.959106734,9.907450449,11.6351175,11.70367752,9.034703314,9.147343115
Avpr1b,2.853543032,2.660695792,2.573859718,2.501573121,4.421747709,4.929301606,4.690338293,4.680825834,2.661445587,3.460011225,2.650246926,2.492449186
Pdrg1,9.792965134,9.71761734,9.734772083,9.908499789,11.4744891,11.38561719,12.24065568,12.25795586,9.766646692,9.804835919,10.81743071,10.53136529
D630023F18Rik,5.128715231,5.221172261,5.255313241,5.587070468,7.109552574,6.875797383,7.626731031,7.037234525,5.495197695,4.877303674,4.860725415,5.428135372
Tnfrsf26,9.27427503,9.417801295,9.306491607,9.463109319,10.64727283,10.62474512,11.29840198,11.28770801,9.494633394,9.572421569,8.314375277,8.467095178
Cecr2,11.05649165,11.16710378,11.04797811,11.90555365,13.00590022,13.105063,13.88756781,13.69543167,11.72677163,11.97052116,12.04345418,11.88424942
Zfyve21,6.955029505,6.621818879,6.886417478,6.840352704,8.428820264,8.25979234,9.212136236,9.309170355,6.844290793,7.013507041,6.988665908,7.059315321
Cers4,10.82144981,11.07429123,10.8741445,11.22055038,12.55546468,12.63191948,12.83924864,13.05701204,10.99478398,10.97101478,10.481668,10.34447795
Scd2,11.66039551,11.32438543,11.80527905,11.82749573,13.49676109,13.5446482,13.62629601,13.79741067,11.29826373,11.55291808,12.24813882,11.78595347
Slc35d1,8.388729039,8.656858371,8.474599776,8.744507967,10.4690281,10.58977388,10.57925711,10.74337376,8.537658457,8.500248274,8.907038337,8.795037344
ENSMUSG00000107877,5.694056536,5.901134957,5.554221841,6.222622967,7.55239843,7.815131879,7.656288769,8.09789882,5.745117792,5.496685028,6.153674462,6.224746864
Gm45209,3.965307359,4.593112016,4.14388433,4.245437312,5.376691365,5.569426496,6.118022626,5.602032,3.89314645,4.367056342,2.890761998,3.393594456
Fhip1b,10.00176627,10.11926797,9.916396041,10.3091707,11.83373408,11.93927878,12.27955839,12.38154299,10.07433476,10.15762266,10.58689862,10.29113804
Trio,10.7366606,10.88461632,10.74950728,10.90048245,12.47958501,12.64475449,13.03384099,13.23676888,10.80832605,10.90798724,11.35785333,11.24790871
Gask1b,7.209032695,7.521008925,7.434804819,7.596822981,8.886746219,9.153086747,9.491697747,9.611186098,7.529074773,7.612839031,6.824409731,7.463495013
Upf3b,11.01973249,10.97120406,10.74786888,10.9595064,12.80780114,12.90372858,12.74036352,12.88066304,10.82137008,10.92367904,10.71265095,10.87237449
Gm10819,5.986189521,5.190903693,5.179552205,5.187015665,6.204202492,6.280527977,6.030441662,7.698735807,5.252644411,5.253480615,4.233071757,4.156417582
Mmp15,3.840840119,3.455509812,3.677283755,3.716622471,4.94577978,5.924116636,5.144218646,5.111163747,3.647442438,3.943188334,2.650246926,3.150880318
Fbxo34,8.927389009,8.926261784,8.952541834,9.188748352,10.76756871,10.71999987,11.11276259,11.23380115,8.957837234,9.021536455,9.336115318,9.01972481
Syne3,10.32946083,10.37371059,10.35131733,10.9679158,10.84638972,10.91484349,11.29213937,11.45802972,10.59051844,10.51611525,8.360096341,8.612143304
Bscl2,10.13113782,10.11625118,9.98754266,10.15777792,11.64123913,11.71828819,12.37078865,12.48419378,10.17841864,10.1968949,10.45733304,10.23087416
Sytl2,6.579958373,6.890204104,6.825583589,6.998820875,7.970054207,8.838465367,8.523944986,8.182542059,7.044029758,6.066945541,5.846168796,6.723937858
1700073E17Rik,5.639052561,5.279868376,5.492944099,5.119604295,6.849269405,6.875797383,6.533532523,7.220862644,5.130198725,5.000796898,4.742947842,4.282408945
Zfp692,9.160075239,9.314546239,9.035463208,9.205100735,10.79396055,10.69718008,11.53887722,11.63886001,9.356378606,9.274991728,9.901015168,9.601732144
Gm13285,4.661238356,4.394933602,4.615711816,3.521505142,6.095232897,6.245005496,5.968953802,6.025169363,4.887200304,4.593216784,3.832876068,4.018361287
Tmem108,7.583865094,7.626548308,7.639523082,7.793482291,8.197966103,8.186782332,8.607020676,8.888465577,7.799000937,8.318311903,5.982341679,5.74505982
Rab40c,8.609852104,8.794068714,8.718291193,9.147037637,10.39193395,10.38675411,11.12073608,11.17621459,8.989000204,8.964522028,9.236127844,8.976101968
P2rx7,8.697708044,8.711186718,8.818475031,8.752874503,9.960476964,9.974508932,10.38549715,10.55838511,8.510302644,8.428736734,7.51414714,8.221808238
Utrn,12.94958099,13.18082616,12.96044842,12.86418981,13.94599382,14.25543565,14.00673555,14.02825551,13.1190254,12.72313068,11.04443169,11.82788842
Wrap73,9.430903781,9.518734079,9.639023791,9.586824593,11.09038815,11.01709724,11.96266009,11.99313043,9.867110537,9.688719352,10.58796648,9.940806525
Glipr2,9.164950881,9.05996768,9.176114797,8.844451842,10.15288346,10.0251242,10.79503344,10.97094082,9.061992155,8.994549621,8.109521382,8.055278429
B3gnt8,10.97416315,10.903405,10.70629203,11.31303721,9.630264336,9.595277807,9.890291134,10.35878586,11.19514251,11.4774025,8.701383532,9.012924081
Gm10309,7.849166075,8.435925393,8.022225026,9.119264317,8.144273956,8.303615821,8.685571914,8.56376395,8.549652061,8.607769202,6.176570415,6.224746864
Mfge8,7.43034897,7.45885835,7.467028204,7.361785872,8.776363109,8.802262696,9.676144197,9.697800098,7.877226184,8.150645001,7.014311705,7.429851066
Fzd5,8.214698322,8.264856568,8.210054232,8.713408745,9.981679762,10.04849384,10.42180485,10.38237705,8.334288187,8.36119805,8.543012639,8.2871491
Stra8,4.079883959,3.646054099,4.221491643,4.582333828,5.744602455,6.566101665,5.087486638,5.057004272,4.727436452,4.09873012,3.437393082,3.694911979
Gabpb1,10.40146245,10.43874995,10.35992343,10.54904219,12.2422665,12.49450687,12.45938871,12.51245393,10.5160655,10.64397543,11.6277045,11.48628446
Casp7,9.043131608,8.83623657,9.035463208,8.915734358,10.33015667,10.14560362,10.89139639,11.03275546,8.793570799,8.944150703,8.55179587,8.480303254
Dstn,10.12697946,9.808887237,10.26574781,9.969598104,11.63577778,11.3998199,12.15912422,12.14688376,9.953152049,10.18825965,9.883727077,10.07527577
Fuca1,11.46306514,11.42086313,11.35503815,11.3847773,13.07389098,12.99743595,13.39035472,13.56946184,11.34331528,11.38973388,11.5327424,11.49485152
Fam53b,10.78549385,10.86258242,10.64423455,11.30689467,12.48060088,12.41682248,12.93329847,13.05074662,11.07269537,11.22113634,10.9945698,10.62428056
Map3k9,10.04912484,10.25620839,10.01912794,10.59319826,11.33541984,11.44650299,11.4677251,11.85315239,10.26006749,10.35763499,8.950860629,9.155599895
Arhgap21,10.05963507,10.091887,10.08808744,10.21440949,11.702312,11.78163991,12.00060319,11.97179136,9.803424385,9.944703827,10.09826869,9.980853989
Ttc28,9.516047385,9.80389592,9.614059781,9.936926723,10.33615552,10.42891678,10.43323295,10.79598888,9.776886261,9.449538061,7.651232052,8.294645271
Tm7sf3,9.269755759,9.117423336,9.193070943,9.016460089,10.65088715,10.41699551,11.06947669,11.25425299,9.040904606,9.23362536,8.967367155,8.784427607
Ulk1,9.328878988,9.627262411,9.394989304,9.792898838,11.0370655,11.11381215,11.53821587,11.49605454,9.550909215,9.603604886,9.561586889,9.258847249
Tert,7.021052716,7.380561159,7.186511933,7.089694711,8.557630242,8.419680203,9.185352759,9.265060487,6.920160948,6.814659525,7.382485023,7.217539872
Mturn,8.408050041,8.603279639,8.509827954,8.766711805,7.642294589,7.802969034,7.292138722,7.644676064,8.986796464,9.03363828,6.34772595,6.632246246
Mxd4,12.44494011,12.36367669,12.44218926,12.4385379,11.38038142,11.09148502,11.33160553,11.59677108,12.54565954,12.37445492,10.27574953,10.01301946
Gm8818,5.501915851,5.612313251,5.014936794,5.939564935,6.592873811,6.875797383,6.985609346,6.994649369,5.591160772,5.468433955,4.680245472,4.398275685
Ypel3,10.58788005,10.70818801,10.50277067,10.76020299,10.28590263,10.14319357,10.67261297,10.95066162,10.86701613,10.9822978,8.375020276,8.528783729
Plekho2,11.36901404,11.28328482,11.27482458,11.55670424,12.99598797,13.01269879,13.05987837,13.3269593,11.34159171,11.44106482,11.01138264,11.26470443
Rhbdf2,10.85301101,11.02313142,10.91559785,11.39015078,11.80482549,11.86297755,12.08770073,12.21917897,11.07684528,11.1606228,9.559410918,9.428577207
Cep290,8.600285067,8.477269388,8.767636436,8.2006437,9.497387448,9.515533709,10.05469285,9.928341793,7.951427198,8.049383824,7.269886996,7.9164133
Vim,12.33603451,12.28817085,12.32290986,12.51799772,11.15629261,10.85572111,11.40236075,11.48584137,12.48351966,12.62556282,10.00541031,10.59649825
Eola1,7.892924068,7.539143734,7.567044891,7.473999563,9.293603755,8.969390878,9.757947132,9.854851309,7.742650022,7.866628363,8.409253903,8.077176615
Ldlrap1,9.947150645,10.16669795,10.02319724,10.3702635,11.152898,11.09896585,11.84565954,11.9881644,10.20045727,10.12970734,9.434377286,9.260762121
Gm16106,4.133931288,3.965035939,4.14388433,3.622359877,5.177264484,5.249157948,5.871510387,6.185215173,4.594813923,4.42700607,3.943802815,3.501179337
Arhgef18,12.89707082,13.28792902,12.92009994,13.48093473,12.24545744,12.46054958,12.21315879,12.24514568,13.36187708,13.43072573,11.20963708,10.8798693
Zfp219,7.969235306,7.898820978,7.921175954,8.196560334,9.171427222,9.048791636,9.458526642,9.860791259,8.097470342,8.190105063,7.237589455,7.161245315
Nrxn2,6.126100113,6.762243491,6.290057156,7.390668101,7.938856699,7.986246528,7.82194539,7.857672084,6.910892528,7.003697325,5.527893648,5.967714721
Fam13a,4.585680003,5.096090309,4.877843696,5.048888004,5.8489822,5.878480494,5.968953802,5.524325829,4.960902934,4.919653551,3.437393082,3.393594456
Bach2,13.05248613,13.29938993,13.07022696,13.83536044,12.26524247,12.26659834,12.11101438,12.22609812,13.48857521,13.56133281,11.12388649,11.60295986
Zfp703,7.885066153,8.246578855,8.275199484,8.915734358,9.365756114,9.18624102,9.55844754,9.643704616,8.222607094,8.06833149,7.204552281,7.225405588
Fam168a,10.23910874,10.64400196,10.43820286,10.7364924,11.57048583,11.35366172,11.60983528,11.82658951,10.48048281,10.55525731,9.177746311,9.324400159
Scml4,11.06347133,11.35029376,11.03929758,11.57136385,10.49473121,10.62301654,10.20892628,10.35878586,11.45354387,11.55459878,9.238849848,9.096784766
Gm15602,4.697583589,5.128392085,4.829089744,5.313066455,6.066654058,6.132867898,6.030441662,6.259037701,5.06484454,4.484563717,3.832876068,3.944040584
Pdk2,7.29457022,6.908920626,7.086350034,7.526994518,6.4890124,6.171223763,6.000025285,6.618186506,7.402528915,7.412400303,5.070849249,5.254511532
Zcchc24,9.4929678,9.587151736,9.466465488,10.03737506,9.431672472,8.963938831,9.651893932,9.972899257,9.755039632,9.797757406,7.477739313,7.740960431
Tmsb15b2,2.853543032,3.891656122,3.783457728,3.028138521,2.740272983,2.960026096,3.89814012,3.950579434,4.342459929,4.304507053,2,2
Lamc1,10.14436457,10.29585613,10.09583628,10.51419495,11.17314689,11.01578045,11.53755421,11.59499044,10.14026173,10.25593629,9.410432076,8.808190725
Papln,4.801428619,5.159986439,4.67208712,4.679161198,6.066654058,6.649977502,6.400128861,5.524325829,5.567761762,5.551579799,4.317899532,4.018361287
Capg,12.23706737,12.1760251,12.2241422,11.94351086,12.39949176,12.14539478,13.02867082,13.39403171,12.23719668,12.26373889,10.64448792,10.53295075
Kif21b,13.25135006,13.56542905,13.26149692,13.89058978,12.62571652,12.85632932,12.17495263,12.39831616,13.6450672,13.66785559,11.41312371,11.73795965
Dgka,12.39618714,12.72123653,12.48854614,12.60240373,12.0485362,12.24765275,11.3818648,11.62903251,12.78021394,12.57904689,10.23679216,10.89843772
ENSMUSG00000074497,12.1512217,12.64670607,12.32648184,13.05190293,11.90609113,12.15439809,11.84244872,11.90581239,12.69807134,12.63948746,10.62276971,10.40978874
Mafa,2.718566724,3.235913694,2.573859718,2.87303589,4.591844358,3.531413984,4.690338293,4.529944782,3.647442438,3.673050397,2.650246926,2.687281759
Dab2ip,8.291017486,8.279313823,8.454650366,8.736092628,9.305882531,9.022807255,9.744249111,9.96188824,8.497975993,8.500248274,7.051945356,7.891911753
Cd55,14.13595975,14.28641087,14.04650783,14.22577707,13.8177522,13.80843891,13.97250913,14.17502446,14.45029354,14.56844335,11.94978708,12.48834601
Vmac,8.583388559,8.318340091,8.494277086,8.409099083,9.380344155,9.294454771,9.955148358,10.22088228,8.463524375,8.649259211,7.730734133,7.757329073
Ddx25,7.042405667,7.108331538,7.022735455,6.881631245,6.25574855,6.414468376,5.802688264,6.480946723,7.026972151,7.344073993,5.070849249,5.057096829
Trpm2,10.81370917,10.95497286,11.07043713,10.97627647,11.92661215,11.83562518,12.03804178,12.13386128,10.36645094,10.1183882,9.867988663,10.42864871
Wipi1,6.947503547,7.202369384,6.874454185,7.133071517,7.970054207,8.419680203,7.67566277,7.971844202,6.668459559,6.825837324,5.787884574,6.093376825
Gm3200,4.505944659,4.546060717,4.726342076,5.282571143,5.42251996,5.831353476,6.060229988,6.259037701,5.097891669,4.593216784,3.943802815,3.944040584
Nfic,8.765617646,9.097165124,8.873605561,9.725063889,10.21442682,10.19763102,10.39283215,10.40151954,9.095103943,9.151603586,8.127258769,8.600093564
Rell1,8.023931338,7.993928937,7.921175954,8.615874353,9.17812214,8.820477586,9.094704307,9.063489796,8.105617556,7.940475085,6.89513575,6.968501874
Ust,6.489569809,6.478819432,6.582527346,6.2064691,7.798182473,7.412618405,7.389217648,7.196018183,6.390293179,6.122391917,5.021117212,5.910317704
Aanat,5.831238991,6.109666125,5.776210693,6.720341105,6.832392208,6.898838367,6.768210305,6.920755723,5.975956211,5.989538041,4.969609437,4.60534958
Zbtb7b,10.60651748,10.65997293,10.58856999,10.600943,11.50875289,11.45332833,11.72007682,12.09994452,10.63200359,10.61929389,9.688473872,9.644893464
Ngfr,7.519336712,7.745862991,7.625315813,8.457678036,8.052523704,8.148843346,7.435412492,7.405571385,7.891432691,7.540049937,5.956115975,6.127357724
App,9.790863912,9.949991368,10.08549521,9.849908265,10.91512775,10.65551045,10.63599231,10.78769834,9.159131305,9.229422732,8.560525952,9.289184329
Pear1,9.434946092,9.768464648,9.405419563,9.766972733,9.907073088,9.993363888,10.1091452,10.52386159,9.657274778,9.511422653,7.998257919,8.136780177
Vasn,10.18333245,10.49014848,10.37379977,11.07633564,10.87757349,10.7183818,11.29292368,11.21691962,10.61996724,10.41519687,8.811533874,9.291059381
Fam214a,11.68888457,11.79810477,11.58989933,11.79579282,11.29132944,11.49077521,11.40308739,11.54113967,11.71350585,11.88125855,9.725820301,9.836820612
Tmem71,10.008111,9.886485511,9.856839397,9.941813863,9.24341613,9.333030012,8.906644077,9.175756497,10.16483711,10.18174913,7.90536794,8.460445515
Orai2,11.19203813,11.31739723,11.23502904,11.85819384,11.97787244,11.90696962,12.53790715,12.67859577,11.7888026,11.87622714,10.37311771,10.43205147
Akap12,10.51018666,10.50329446,10.31083238,11.2935751,10.68301492,10.56117342,11.32010949,11.46844097,10.99533219,11.51025149,9.157748723,9.773851847
Tsku,6.029605492,6.306017964,6.360365716,6.685800571,6.962185076,6.171223763,6.889322596,6.133814352,6.220630917,6.104145543,4.742947842,4.743221125
Btg2,12.5858229,12.52174791,12.55914459,12.75527828,13.1546072,13.15226769,13.83710832,13.90228613,12.55777267,12.80342656,11.83978586,11.47023797
Prkce,11.40483378,11.71512879,11.41046028,12.20721463,11.73616505,11.86444139,12.17707835,12.16579992,11.82255756,11.95692287,10.12793919,10.23380167
Sptbn5,6.426002953,6.67745745,6.522465282,6.82984585,7.341950952,7.564436371,7.304636886,7.479495553,6.657417704,6.745710587,5.118923916,5.948834974
Lca5,7.650273847,7.82683081,7.831201038,8.07726511,8.613031791,8.720560733,8.80474445,8.900049177,7.942358109,8.114639724,6.65541272,7.023672938
Slc2a8,7.111382501,7.179428304,7.205736084,7.552779428,7.456526296,7.330265132,7.993865562,8.226142425,7.271068712,7.312636098,5.874451051,5.929704877
S100a11,9.945262543,9.565196157,9.816765989,9.591496988,10.53701168,10.3826736,10.69770533,11.13514474,9.623629542,9.764741315,8.628527607,9.176037441
Pdzd2,9.501987119,9.736077086,9.597780332,10.44100623,10.1831515,10.36209612,10.51213883,10.40016061,9.696909587,10.04973468,8.534175607,8.538287349
Nfatc2,10.02965493,10.42905745,10.15637284,10.50101061,10.83690162,10.97299577,10.53486031,10.88417239,10.05132074,9.74867987,8.84764717,9.064261742
Psd3,10.51401311,10.61793267,10.58030813,11.0074958,9.802633088,9.749002285,9.972876141,10.01434638,10.81765523,10.99349326,9.050282913,9.094639226
Sfxn3,9.911814366,10.09393314,9.895829711,10.42189523,10.21930363,10.57733089,9.566253882,9.933987318,10.14323297,10.18717661,8.212814975,8.950230341
Ypel2,8.482846016,8.426213832,8.628545462,8.815455177,8.411879267,8.474388873,8.329721063,8.244432335,8.237512733,8.636619669,7.301477298,6.469574739
Rb1,11.87395681,12.08637496,11.89978853,12.08220973,12.40020774,12.39470497,13.20486205,13.18444343,12.05014114,12.07580392,11.31076697,10.86105876
Ctse,9.853613254,9.557802747,9.378142435,9.30899152,9.10973239,9.128929793,9.028435179,9.320708723,9.266583552,9.757462817,7.532012207,8.140944811
Pitpnc1,10.39386819,10.6214832,10.3759228,10.42538884,10.73955396,10.6955362,10.62855529,10.90444287,10.4057466,10.16203941,8.811533874,9.044390083
Cd93,10.20952508,9.921471125,9.885435548,10.62999958,9.923103578,9.979921254,10.46141332,10.34754922,10.57519886,11.13107741,8.681512055,9.206160949
Trp53i11,11.84184093,11.97754466,11.81860805,12.36335177,12.16895893,12.13572891,12.49151568,12.76638594,12.09686666,12.36179138,10.78241015,10.59346246
Zc3h6,9.601249066,9.677246987,9.458473739,9.653881316,10.44146816,10.65551045,10.31001991,10.51006948,9.658659777,9.956193682,8.261814611,9.455578448
Pde2a,10.65814846,10.88933648,10.65038643,11.16102419,10.34510728,10.74723295,10.75688644,10.84175572,11.19752661,11.34866907,9.257761418,9.512938804
Cast,11.43272796,11.51090867,11.55331593,11.50893134,11.77201048,11.88405917,12.0727077,12.18170569,11.5629886,11.49063199,10.07865041,10.29674831
Cd55b,8.626443262,9.240745583,8.809078255,9.30899152,8.451103184,8.563603003,8.661480928,8.592605253,9.32532045,9.377301977,7.558401736,7.483311108
Tcn2,9.802382945,9.940926086,9.914936701,9.681901118,10.21930363,9.826151055,10.49042199,10.45746865,9.347818194,9.565769887,8.45210765,8.826406286
S100a10,11.02331661,10.94933328,10.96790644,10.86939839,11.51735819,11.16697766,11.98126987,12.24590238,11.25221863,11.25409191,10.35942521,10.05445281
Etv5,8.793171205,8.721811128,8.864562201,9.523035322,9.414765131,9.259277745,9.82455172,9.758450032,8.619592344,9.101894857,7.835154127,8.217870921
Coro7,11.88876851,12.04546255,11.88793606,12.56052006,12.25736099,12.19277593,12.8676918,12.75633069,12.16447819,12.10677748,10.85428632,11.03505115
Gm26528,7.17721141,7.592219268,7.368115017,7.669332289,7.022950058,7.008826929,7.469113118,7.064941939,7.783849493,7.359539717,5.982341679,5.910317704
Rps6ka5,10.1960913,10.41929939,10.35023795,10.70162083,9.931052519,10.04849384,10.07672102,10.01434638,10.68189625,10.56945825,9.093031453,8.760266514
Brdt,5.074468413,5.336269505,5.291752243,5.817247569,5.329359085,5.782634872,5.802688264,5.812808463,5.724104521,5.989538041,4.142942955,4.341505199
Esr1,8.020348748,8.37665053,8.238334573,8.540555185,8.109672454,8.303615821,8.016834841,8.176204461,8.076898715,8.177071264,6.500712715,7.102664614
Mgst2,9.394004069,9.532377907,9.354652007,9.979138113,9.722460621,9.713704497,9.563656459,9.51653187,9.567225146,9.557411923,8.091563203,8.249072623
Eps8,9.128807537,9.101239587,8.955384056,9.62074252,9.137478523,9.236848423,9.447297929,9.508986916,9.458511427,9.68412023,7.945912406,7.992133879
Cep250,11.93231248,12.06462992,11.84528534,12.12982945,12.20832851,12.23977872,12.15222535,12.46026763,11.85825562,11.73625411,10.51573525,10.87300054
Nlrx1,7.282656717,7.194762819,7.086350034,7.098475035,7.499924477,7.260820981,7.377434062,7.520097207,6.814778267,6.792040711,5.727146202,5.986350588
Runx1,11.70431702,12.06358622,11.87147826,12.2607525,11.5628322,11.57096525,11.42328612,11.47877763,12.15223977,12.04803376,10.56428896,10.51461199
Plec,12.80766992,13.07927078,12.82034464,13.42575152,12.72421139,12.8422834,12.68228341,12.81359688,13.18490908,13.00157052,11.48882498,11.75944997
Itga6,10.23293081,10.41357656,10.22863745,10.47511791,9.857884342,9.749002285,10.03981829,10.01256888,10.42784591,10.44721603,8.766969726,9.070825265
Rgl1,11.06521098,11.01721358,11.22799462,11.37170813,11.59257977,11.23984393,11.89866268,11.81490829,10.96542677,11.2447526,9.843160237,10.66026872
Stard10,9.302572943,9.291552197,9.240447023,9.213207942,8.886746219,8.856231632,9.098298169,9.349157254,8.960085622,9.115622525,7.972322557,7.64452411
Calhm2,11.16633382,11.24466727,11.11242407,11.31633393,11.24425484,11.05733278,11.69478053,11.89620445,11.24486064,11.22799861,10.14545293,9.998174629
Rnasel,10.68668149,10.67986147,10.60676203,10.68349911,10.56282126,10.77862731,10.28027041,10.41234513,10.46235685,10.56195752,8.889822705,9.712213188
Hmgb1-ps8,10.88192374,11.04180103,10.98121557,11.15735228,10.79177958,10.77551844,10.37664563,10.85867446,10.97824013,10.94562092,9.57457424,9.665276691
Scand1,9.781370355,9.407966542,9.501890426,9.27454023,10.25931514,9.684167993,9.222053221,10.28707663,9.461688619,9.733921747,8.967367155,8.402650585
Fmo5,8.739707886,8.95356203,8.698070614,9.034873496,8.699336548,8.958466103,8.502406462,8.587838232,8.806123528,8.801398038,7.382485023,7.66780177
Chst14,6.845916325,6.918188612,6.898282383,7.017459339,6.992887464,7.029853051,7.188053038,7.131968168,6.612385268,6.685623926,5.597414066,5.788182586
Prxl2c,8.952044699,8.796583588,8.805932345,8.724795269,8.824098178,8.519685437,8.839516857,8.907720228,8.773256451,8.829435905,7.57573034,7.470130667
Dck,10.1093823,10.11322806,10.13271329,10.36844972,9.780806161,9.591747115,10.05469285,9.93210793,10.07951442,10.36531622,9.047180424,8.741190756
Gtf2ird1,8.702187102,8.77123536,8.783716783,9.057564608,8.970120234,8.925186464,9.109026349,8.94547533,8.872083149,8.581630845,7.332390671,8.072823488
Sh2d3c,11.1610562,11.27158175,11.10796067,11.61752707,11.35549391,11.31242744,11.75350962,11.87532812,11.380722,11.41447119,10.18551002,10.36063858
Calcoco1,10.16965138,10.15302454,10.09325796,10.43235078,10.31656736,10.28548791,10.4697612,10.5050213,10.2536663,10.54176279,8.900176716,9.401060961
Trafd1,11.14798229,11.11011525,11.29010275,11.17042353,11.21525469,11.12850722,11.62236999,11.58963531,11.0116823,11.20088816,10.03859489,10.14949852
Tex9,9.315785923,9.453299101,9.297559784,9.703643916,9.290517662,9.172125237,9.589422625,9.573101792,9.630703965,9.842471083,8.196104825,8.693785921
Svil,10.63783417,10.81623981,10.68590137,10.97389265,10.97402212,11.04705635,10.95422323,10.88125321,10.87120365,10.91846738,9.546285718,9.987807218
Gab3,8.919717084,9.008830495,8.92670667,9.095338857,8.878548668,9.341463998,8.791485644,8.733073263,8.984589352,8.964522028,7.643035469,8.190004662
Fam149b,10.92519282,11.08667422,10.83609843,11.17250398,10.55769615,10.51904076,10.97196231,11.04324058,11.20465537,11.24891087,10.00220969,9.931219808
Fam234a,8.607466286,8.697795225,8.490363036,8.849661915,8.68530621,8.527098501,8.713959925,8.816940117,8.672653202,8.500248274,7.392298495,7.746437306
Pstpip1,10.75994177,10.7734746,10.6798994,10.71666911,10.55641202,10.57911504,10.79614028,11.10710059,10.90951812,10.86393346,9.797732277,9.662382374
Baz2b,13.21272927,13.35856215,13.20290878,13.43401302,13.13409455,13.3533107,12.98953435,13.16657121,13.36495599,13.38162507,12.16507081,12.25394983
Sgms1,12.02416736,12.19925754,12.01869236,12.2437861,11.80860574,11.8341318,12.17111843,12.26730306,12.25904685,12.25704492,11.23166851,10.9744996
Tom1l2,9.628566987,9.892375682,9.764246134,10.06002717,9.583119965,9.907925995,9.654337384,9.5803196,10.02793364,9.939567704,8.673486188,8.940706248
Ptpre,10.15910114,10.05769991,10.25194305,10.22947631,10.28590263,10.27010759,10.01150827,10.08877847,10.30409776,10.26417694,8.840496467,9.572737366
Abtb1,9.701967615,9.787553836,9.579473961,9.915969681,9.510709248,9.504309821,9.871512114,9.913178156,9.907281274,10.08621382,8.807872323,8.776418785
Atp13a2,11.90755674,11.89633956,11.98848561,12.2266178,11.97210546,11.79705251,12.36930208,12.53893677,12.07187497,12.08513694,11.19989151,11.10972522
Maml3,9.661140199,9.960122182,9.714782782,10.43495287,10.05261724,10.20919827,9.896496877,9.818688677,10.34596452,10.35763499,8.98692888,9.483724124
Thra,7.358391972,7.533124091,7.498547558,7.892725763,7.603030586,7.661938156,7.576081237,7.680940024,8.295641405,8.334054763,6.922483065,7.559960878
Tsc22d1,9.260674525,9.309272357,9.369644649,9.606963247,9.345081821,9.109308704,9.604664293,9.892064449,9.830712379,9.973886867,8.822463096,9.139038808
